Name,Identity,Status,Gender,Alignment,Race,Height,Weight,EyeColor,HairColor,SkinColor,Publisher,Year,Appearances,FirstAppearance,AdditionalData,Image_path
Spider-Man,Secret,Living,Male,Good,Human,157,56,Hazel,Brown,,Marvel,1962,4043,8/1/1962,,static/image/spider-man.jpg
Captain America,Public,Living,Male,Good,Human,188,108,Blue,White,,Marvel,1941,3360,3/1/1941,,static/image/captain-america.jpg
Batman,Secret,Living,Male,Good,Human,178,77,Blue,Black,,DC,1939,3093,5/1/1939,,static/image/bat-man.jpg
Wolverine,Public,Living,Male,Other,Mutant,160,135,Blue,Black,,Marvel,1974,3061,10/1/1974,,static/image/wolverine.jpg
Iron Man,Public,Living,Male,Good,Human,198,191,Blue,Black,,Marvel,1963,2961,3/1/1963,Mutant,static/image/iron-man.jpg
Superman,Secret,Living,Male,Good,Kryptonian,191,101,Blue,Black,,DC,1986,2496,10/1/1986,,static/image/super-man.jpg
Thor,No Dual,Living,Male,Good,Asgardian,198,288,Blue,Blond,,Marvel,1950,2258,11/1/1950,,static/image/thor.jpg
Benjamin Grimm,Public,Living,Male,Good,,,,Blue,Bald,,Marvel,1961,2255,11/1/1961,,static/image/benjamin-grimm.jpg
Reed Richards,Public,Living,Male,Good,,,,Brown,Brown,,Marvel,1961,2072,11/1/1961,,static/image/reed-richards.jpg
Hulk,Public,Living,Male,Good,Human / radiation,244,630,Brown,Brown,Green,Marvel,1962,2017,5/1/1962,,static/image/hulk.jpg
Scott Summers,Public,Living,Male,Other,,,,Brown,Brown,,Marvel,1963,1955,9/1/1963,,
Jonathan Storm,Public,Living,Male,Good,,,,Blue,Blond,,Marvel,1961,1934,11/1/1961,,
Henry McCoy,Public,Living,Male,Good,,,,Blue,Blue,,Marvel,1963,1825,9/1/1963,,
Susan Storm,Public,Living,Female,Good,,,,Blue,Blond,,Marvel,1961,1713,11/1/1961,Morlock,
Green Lantern,Secret,Living,Male,Good,,,,Brown,Brown,,DC,1959,1565,10/1/1959,,
Namor McKenzie,No Dual,Living,Male,Other,,,,Green,Black,,Marvel,,1528,,,
Ororo Munroe,Public,Living,Female,Good,,,,Blue,White,,Marvel,1975,1512,5/1/1975,,
Clinton Barton,Public,Living,Male,Good,,,,Blue,Blond,,Marvel,1964,1394,9/1/1964,,
Matthew Murdock,Public,Living,Male,Good,,,,Blue,Red,,Marvel,1964,1338,4/1/1964,,
James Gordon,Public,Living,Male,Good,,,,Brown,White,,DC,1987,1316,2/1/1987,,
Stephen Strange,Public,Living,Male,Good,,,,Grey,Black,,Marvel,1963,1307,7/1/1963,,
Mary Jane Watson,No Dual,Living,Female,Good,,,,Green,Red,,Marvel,1965,1304,6/1/1965,,
John Jonah Jameson,No Dual,Living,Male,Other,,,,Blue,Black,,Marvel,1963,1266,3/1/1963,,
Robert Drake,Secret,Living,Male,Good,,,,Brown,Brown,,Marvel,1963,1265,9/1/1963,,
Henry Pym,Public,Living,Male,Good,,,,Blue,Blond,,Marvel,1962,1237,1/1/1962,,
Richard Grayson,Secret,Living,Male,Good,,,,Blue,Black,,DC,1940,1237,4/1/1940,,
Charles Xavier,Public,Deceased,Male,Good,,,,Blue,Bald,,Marvel,1963,1233,9/1/1963,,
Wonder Woman,Public,Living,Female,Good,Amazon,183,74,Blue,Black,,DC,1941,1231,12/1/1941,,
Warren Worthington III,Public,Living,Male,Good,,,,Blue,Blond,,Marvel,1963,1230,9/1/1963,,
Piotr Rasputin,Secret,Living,Male,Good,,,,Blue,Black,,Marvel,1975,1162,5/1/1975,,
Wanda Maximoff,Public,Living,Female,Good,,,,Green,Brown,,Marvel,1964,1161,3/1/1964,,
Nicholas Fury,No Dual,Living,Male,Other,,,,Brown,Brown,,Marvel,1963,1137,5/1/1963,,
Aquaman,Public,Living,Male,Good,Atlantean,185,146,Blue,Blond,,DC,1941,1121,11/1/1941,,
Janet van Dyne,Public,Living,Female,Good,,,,Blue,Auburn,,Marvel,1963,1120,6/1/1963,,
Jean Grey,Public,Deceased,Female,Good,Mutant,168,52,Green,Red,,Marvel,1963,1107,9/1/1963,,
Timothy Drake,Secret,Living,Male,Good,,,,Blue,Black,,DC,1989,1095,8/1/1989,,
Dinah Laurel Lance,Public,Living,Female,Good,,,,Blue,Blond,,DC,1969,1075,11/1/1969,,
Natalia Romanova,Public,Living,Female,Good,,,,Green,Red,,Marvel,1964,1050,4/1/1964,,
Kurt Wagner,Secret,Living,Male,Good,,,,Yellow,Blue,,Marvel,1975,1047,5/1/1975,,
Flash,Secret,Living,Male,Good,Human,180,81,Blue,Blond,,DC,1956,1028,10/1/1956,,
,Secret,Living,Female,Good,,,,Blue,Blond,,DC,1956,1028,10/1/1956,,
Vision,Secret,Living,Male,Good,Android,191,135,Gold,Bald,Red,Marvel,1968,1007,10/1/1968,,
May Reilly,No Dual,Living,Female,Good,,,,Blue,Grey,,Marvel,1962,1000,8/1/1962,,
Alan Scott,Secret,Deceased,Male,Good,,180,90,Blue,Blond,,DC,1940,969,7/1/1940,,
Barbara Gordon,Secret,Living,Female,Good,,,,Blue,Red,,DC,1967,951,1/1/1967,,
Jason Garrick,Public,Living,Male,Good,,,,Blue,Brown,,DC,1940,951,1/1/1940,,
Lois Lane,Public,Living,Female,Good,,,,Blue,Black,,DC,1938,934,6/1/1938,,
Alfred Pennyworth,Public,Living,Male,Good,Human,178,72,Blue,Black,,DC,1943,930,4/1/1943,,
Katherine Pryde,Secret,Living,Female,Good,,,,Hazel,Brown,,Marvel,1980,886,1/1/1980,,
Carol Danvers,Public,Living,Female,Good,,,,Blue,Blond,,Marvel,1968,881,3/1/1968,,
Jennifer Walters,Public,Living,Female,Good,,,,Green,Brown,,Marvel,1980,881,2/1/1980,,
Emma Frost,Public,Living,Female,Other,,178,65,Blue,Brown,,Marvel,1980,880,1/1/1980,,
Frank Castle,Public,Living,Male,Other,,,,Blue,Black,,Marvel,1974,878,2/1/1974,,
Luke Cage,No Dual,Living,Male,Good,Human,198,191,Brown,Black,,Marvel,1972,856,6/1/1972,Pilot,
Rogue,Secret,Living,Female,Good,,173,54,Green,Auburn,,Marvel,,850,,G.R.A.M.P.A,
Carter Hall,Secret,Living,Male,Good,,,,Blue,Brown,,DC,1940,803,1/1/1940,SHIELD Agent,
Conan,No Dual,Living,Male,Other,,,,Blue,Black,,Marvel,1970,787,10/1/1970,,
Joseph Robertson,No Dual,Living,Male,Good,,,,Brown,White,,Marvel,1967,752,8/1/1967,,
Pietro Maximoff,Public,Living,Male,Good,,,,Blue,Silver,,Marvel,1964,740,3/1/1964,,
Hercules,No Dual,Living,Male,Good,Demi-god,196,146,Blue,Brown,,Marvel,1965,725,10/1/1965,,
Victor von Doom,Public,Living,Male,Bad,,,,Brown,Brown,,Marvel,1962,721,7/1/1962,,
Kyle Rayner,Secret,Living,Male,Good,Human,180,79,Green,Black,,DC,1994,716,1/1/1994,,
Max Eisenhardt,Public,Living,Male,Other,,,,Grey,Bald,,Marvel,1963,709,9/1/1963,,
Elizabeth Braddock,Secret,Living,Female,Other,,,,Blue,Purple,,Marvel,1976,708,12/1/1976,,
Raymond Palmer,Public,Living,Male,Good,,,,Brown,,,DC,1961,706,10/1/1961,Arcana,
Norrin Radd,Public,Living,Male,Good,,,,Blue,Bald,,Marvel,1966,696,3/1/1966,,
Norman Osborn,Public,Living,Male,Bad,,,,Blue,Auburn,,Marvel,1964,692,7/1/1964,Arcana,
Eugene Thompson,Secret,Living,Male,Good,,,,Blue,Strawberry Blond,,Marvel,1962,689,8/1/1962,,
Simon Williams,Public,Living,Male,Good,,,,Red,Grey,,Marvel,1964,686,10/1/1964,Arcana,
Alexander Luthor,Public,Living,Male,Bad,,,,Green,,,DC,1986,677,10/1/1986,,
Samuel Guthrie,Secret,Living,Male,Good,,,,Blue,Blond,,Marvel,1982,657,11/1/1982,Arcana,
Roy Harper,Secret,Living,Male,Other,,,,Green,Red,,DC,1941,654,11/1/1941,,
James Buchanan Barnes,Secret,Living,Male,Good,,,,Brown,Brown,,Marvel,1941,641,3/1/1941,,
Remy LeBeau,Secret,Living,Male,Good,,,,Black Eyeballs,Brown,,Marvel,1990,636,7/1/1990,,
Kara Zor-L,Secret,Living,Female,Good,,,,Blue,Blond,,DC,1976,635,2/1/1976,,
Daniel Rand,Secret,Living,Male,Good,,,,Blue,Blond,,Marvel,1974,618,5/1/1974,,
Nathan Summers,Public,Living,Male,Other,,,,Blue,White,,Marvel,1986,612,1/1/1986,,
Ted Grant,Secret,Living,Male,Other,,,,Blue,Black,,DC,1942,605,1/1/1942,,
Elizabeth Brant,No Dual,Living,Female,Good,,,,Brown,Brown,,Marvel,1963,599,9/1/1963,,
Garfield Logan,Public,Living,Male,Good,,,,Green,Green,,DC,1965,595,11/1/1965,,
Guy Gardner,Public,Living,Male,Good,Human-vuldarian,188,95,Blue,Red,,DC,1968,593,3/1/1968,,
Richard Jones,Secret,Living,Male,Good,,,,Brown,Brown,,Marvel,1962,590,5/1/1962,,
Victor Stone,Public,Living,Male,Good,,,,Brown,Black,,DC,1980,584,10/1/1980,,
Edwin Jarvis,No Dual,Living,Male,Good,,,,Blue,White,,Marvel,1964,567,11/1/1964,Helmut,
Kon-El,Secret,Living,Male,Good,,,,Blue,Black,,DC,1993,560,6/1/1993,Greek Legend,
Alexander Summers,Public,Living,Male,Good,,,,Blue,Blond,,Marvel,1969,558,3/1/1969,,
Ralph Dibny,Public,Deceased,Male,Other,,,,Blue,Red,,DC,1960,558,5/1/1960,,
James Olsen,Public,Living,Male,Good,,,,Green,Red,,DC,1986,557,10/1/1986,,
Patricia Walker,Secret,Living,Female,Good,,,,Blue,Red,,Marvel,1944,550,11/1/1944,,
John Stewart,Public,Living,Male,Good,Human,185,90,Brown,Black,,DC,1971,549,12/1/1971,,
Human Torch,Public,Living,Male,Good,Human / radiation,178,77,Blue,Blond,,Marvel,1939,548,10/1/1939,,
Loki Laufeyson,No Dual,Living,Other,Other,,,,Green,Black,,Marvel,1949,532,8/1/1949,,
Brian Braddock,Public,Living,Male,Good,,,,Blue,Blond,,Marvel,1976,528,10/1/1976,,
Franklin Nelson,No Dual,Living,Male,Good,,,,Blue,Bald,,Marvel,1964,528,4/1/1964,1940s,
Otto Octavius,Secret,Deceased,Male,Other,,,,Hazel,Brown,,Marvel,1963,526,7/1/1963,Spider-Squad,
James Rhodes,Secret,Living,Male,Good,,,,Brown,Brown,,Marvel,1979,525,1/1/1979,,
Joker,Secret,Living,Male,Bad,Human,196,86,Green,Green,White,DC,1940,517,6/1/1940,,
Timothy Dugan,Public,Deceased,Male,Good,,,,Blue,Red,,Marvel,1963,517,5/1/1963,,
Crystalia Amaquelin,Public,Living,Female,Good,,,,Green,Strawberry Blond,,Marvel,1965,512,12/1/1965,,
Samuel Wilson,Public,Living,Male,Good,,,,Brown,Black,,Marvel,1969,512,9/1/1969,,
Wilson Fisk,Public,Living,Male,Bad,,,,Blue,Bald,,Marvel,1967,503,7/1/1967,,
Odin Borson,Public,Living,Male,Other,,,,Blue,White,,Marvel,1962,502,10/1/1962,,
Deadpool,Secret,Living,Male,Other,Mutant,188,95,Brown,Bald,,Marvel,1991,500,2/1/1991,,
Franklin Rock,Public,Living,Male,Good,,,,Blue,,,DC,1959,492,4/1/1959,,
Garth,Public,Deceased,Male,Good,,,,Purple,Black,,DC,1960,487,2/1/1960,,
Dane Whitman,Secret,Living,Male,Good,,,,Brown,Brown,,Marvel,1967,478,12/1/1967,,
Harold Osborn,No Dual,Living,Male,Good,,,,Blue,Brown,,Marvel,1965,474,12/1/1965,,
Franklin Richards,No Dual,Living,Male,Good,Mutant,142,45,Blue,Blond,,Marvel,1968,473,11/1/1968,,
Jessica Drew,Secret,Living,Female,Good,,,,Green,Auburn,,Marvel,1977,471,2/1/1977,,
Rex Mason,Secret,Living,Male,Other,,,,Black,,,DC,1965,470,1/1/1965,,
Roberto da Costa,Secret,Living,Male,Good,,,,Brown,Black,,Marvel,1982,464,11/1/1982,,
Rahne Sinclair,Secret,Living,Female,Good,,,,Green,Red,,Marvel,1982,448,11/1/1982,,
Elizabeth Ross,Public,Living,Female,Good,,,,Blue,Black,,Marvel,1962,446,5/1/1962,,
Zatanna Zatara,Public,Living,Female,Good,,,,Blue,Black,,DC,1964,439,11/1/1964,,
Aztar,Secret,Living,Male,Good,,,,White,,,DC,1940,436,2/1/1940,,
Lorna Dane,Secret,Living,Female,Good,,,,Green,Green,,Marvel,1968,433,10/1/1968,,
Blaine Colt,Public,Deceased,Male,Other,,,,Blue,Blond,,Marvel,,429,,,
Theodore Kord,Secret,Deceased,Male,Other,,,,Blue,Brown,,DC,1986,429,2/1/1986,,
Michael Jon Carter,Public,Living,Male,Good,,,,Blue,Blond,,DC,1986,427,2/1/1986,,
Johnathon Blaze,Secret,Living,Male,Good,,,,Blue,Reddish Blond,,Marvel,1972,426,8/1/1972,,
Cassandra Sandsmark,Public,Living,Female,Good,,,,Blue,Blond,,DC,1996,423,1/1/1996,,
Kent Nelson,Secret,Deceased,Male,Good,,,,Blue,Blond,,DC,1940,422,5/1/1940,,
Sif,No Dual,Living,Female,Good,Asgardian,188,191,Blue,Black,,Marvel,1964,422,3/1/1964,,
Red Hulk,Public,Living,Male,Other,Human / radiation,213,630,Blue,Black,Red,Marvel,1962,415,5/1/1962,,
Harvey Bullock,Public,Living,Male,Good,,,,Brown,Black,,DC,1974,413,7/1/1974,,
Jubilation Lee,Secret,Living,Female,Good,,,,Brown,Black,,Marvel,1989,408,5/1/1989,,
Volstagg,Public,Living,Male,Good,,,,Blue,Red,,Marvel,1965,406,8/1/1965,,
Balder Odinson,Secret,Deceased,Male,Good,,,,Blue,Brown,,Marvel,1962,403,10/1/1962,,
